address,extra_bytes,kind,confidence,notes
0x08008ed0,0,fixed,likely,2 sites
0x0801165c,1,fixed,likely,7 sites
0x08011690,2,fixed,likely,1 sites
0x08011738,1,fixed,likely,1 sites
0x080117a4,1,fixed,likely,1 sites
0x0801183c,2,fixed,likely,56 sites
0x080119ec,0,fixed,likely,1 sites
0x08011a2c,0,fixed,likely,1 sites
0x08011abc,0,fixed,likely,1 sites
0x08011ae4,0,fixed,likely,2 sites
0x08011b20,4,fixed,likely,24 sites
0x08011b24,8,fixed,likely,28 sites
0x08011b28,0,fixed,likely,8 sites
0x08011b2c,1,fixed,likely,2 sites
0x08011b74,0,fixed,likely,1 sites
0x08011ba8,0,fixed,guess,smallest length consistent with call sites; 1 sites
0x08011bdc,1,fixed,guess,smallest length consistent with call sites; 4 sites
0x08011c80,0,fixed,guess,smallest length consistent with call sites; 1 sites
0x08011cc0,0,fixed,likely,2 sites
0x08011cc4,0,fixed,likely,1 sites
0x08011d00,0,fixed,likely,1 sites
0x08011d5c,0,fixed,guess,smallest length consistent with call sites; 1 sites
0x08011f80,0,fixed,guess,smallest length consistent with call sites; 1 sites
0x08011fc4,0,fixed,likely,2 sites
0x08011fc8,0,fixed,likely,1 sites
0x08012004,0,fixed,likely,1 sites
0x0801205c,0,fixed,guess,smallest length consistent with call sites; 1 sites
0x0801227c,0,fixed,guess,smallest length consistent with call sites; 1 sites
0x080122c0,0,fixed,likely,2 sites
0x080122c4,0,fixed,likely,1 sites
0x08012318,1,fixed,likely,2 sites
0x08012360,0,fixed,likely,1 sites
0x0801239c,0,fixed,likely,1 sites
0x080123ec,0,fixed,likely,1 sites
0x08012428,0,fixed,likely,1 sites
0x0801247c,0,fixed,likely,1 sites
0x080124b8,0,fixed,likely,1 sites
0x08012508,0,fixed,likely,1 sites
0x08012544,0,fixed,likely,1 sites
0x08012548,0,fixed,guess,smallest length consistent with call sites; 1 sites
0x0801289c,0,fixed,guess,smallest length consistent with call sites; 1 sites
0x08012928,0,fixed,likely,2 sites
0x08012c48,0,fixed,likely,1 sites
0x080136ac,0,fixed,likely,1 sites
0x08013824,0,fixed,likely,1 sites
0x08013880,0,fixed,likely,1 sites
0x080138dc,0,fixed,likely,4 sites
0x08013944,0,fixed,likely,3 sites
0x080139a4,0,fixed,likely,2 sites
0x08013a34,2,fixed,likely,2 sites
0x08013acc,0,fixed,likely,2 sites
0x08013c18,1,fixed,likely,4 sites
0x08013d00,0,fixed,likely,4 sites
0x08013dc0,0,fixed,likely,2 sites
0x08013f38,0,fixed,guess,smallest length consistent with call sites; 1 sites
0x08014074,0,fixed,likely,1 sites
0x080140ac,0,fixed,likely,1 sites
0x080141e0,0,fixed,likely,1 sites
0x08014314,0,fixed,likely,1 sites
0x0801438c,0,fixed,likely,1 sites
0x080145d8,4,fixed,likely,1 sites
0x08014a78,0,fixed,guess,smallest length consistent with call sites; 1 sites
0x08014b18,4,fixed,likely,1 sites
0x08014bdc,0,fixed,guess,smallest length consistent with call sites; 1 sites
0x08014c80,4,fixed,likely,1 sites
0x08014dfc,0,fixed,likely,2 sites
0x08014e70,0,fixed,likely,2 sites
0x08014eac,0,fixed,guess,smallest length consistent with call sites; 1 sites
0x08014ef0,0,fixed,likely,1 sites
0x08014fb8,0,fixed,likely,2 sites
0x08015124,0,fixed,likely,1 sites
0x08015150,0,fixed,likely,2 sites
0x080152b0,1,fixed,likely,8 sites
0x0801540c,0,fixed,likely,2 sites
0x08015958,5,fixed,likely,5 sites
0x08015ebc,0,fixed,likely,1 sites
0x0801634c,0,fixed,likely,6 sites
0x08016378,0,fixed,likely,6 sites
0x08016f7c,0,fixed,likely,1 sites
0x08017054,0,fixed,likely,2 sites
0x08017128,0,fixed,likely,2 sites
0x0801715c,0,fixed,likely,6 sites
0x080171d0,0,fixed,guess,smallest length consistent with call sites; 1 sites
0x08017230,1,fixed,likely,4 sites
0x080172ac,5,fixed,likely,1 sites
0x080172e8,1,fixed,likely,9 sites
0x08017464,3,fixed,likely,6 sites
0x080176b0,0,fixed,likely,1 sites
0x08017748,0,fixed,likely,1 sites
0x08018730,2,fixed,likely,25 sites
0x08018770,2,fixed,likely,11 sites
0x080187a8,0,fixed,likely,1 sites
0x080187e4,1,fixed,likely,5 sites
0x08018834,0,fixed,likely,1 sites
0x08018858,9,branch,likely,jump to u32 at extra+5 on match else fall through; 29 sites
0x08019304,1,fixed,likely,4 sites
0x08019370,0,fixed,likely,3 sites
0x08019478,0,fixed,likely,1 sites
0x080194f0,0,fixed,likely,1 sites
0x08019570,4,fixed,likely,4 sites
0x0801960c,0,fixed,likely,1 sites
0x08019a8c,0,fixed,likely,1 sites
0x08019ad8,0,fixed,likely,1 sites
0x08019b40,0,fixed,likely,1 sites
0x08019bac,0,fixed,likely,1 sites
0x08019c90,0,fixed,likely,1 sites
0x08019d54,0,fixed,likely,1 sites
0x08019dc4,0,fixed,likely,1 sites
0x08019e68,0,fixed,likely,3 sites
0x08019f20,2,fixed,likely,6 sites
0x0801acc4,0,fixed,likely,2 sites
0x0801acf4,0,fixed,likely,1 sites
0x0801ae2c,0,fixed,likely,1 sites
0x0801ae9c,0,fixed,likely,2 sites
0x0801b170,0,fixed,likely,1 sites
0x0801b39c,0,fixed,likely,2 sites
0x0801b560,0,fixed,likely,1 sites
0x0801b624,0,fixed,likely,1 sites
0x0801b680,0,fixed,guess,smallest length consistent with call sites; 1 sites
0x0801b7ac,0,fixed,likely,1 sites
0x0801bdc4,0,fixed,likely,1 sites
0x0801c05c,0,fixed,likely,1 sites
0x0801c404,0,fixed,likely,3 sites
0x0801c46c,0,fixed,likely,3 sites
0x0801c4ec,0,fixed,likely,1 sites
0x0801c560,0,fixed,likely,1 sites
0x0801c604,0,fixed,likely,1 sites
0x0801c620,0,fixed,likely,7 sites
0x0801c7e4,0,fixed,likely,1 sites
0x0801c8c4,0,fixed,likely,2 sites
0x0801c944,1,fixed,likely,3 sites
0x0801c988,0,fixed,likely,1 sites
0x0801c9e4,0,fixed,likely,1 sites
0x0801ca90,0,fixed,likely,1 sites
0x0801cac0,0,fixed,likely,1 sites
0x0801cb14,0,fixed,likely,1 sites
0x0801cb6c,1,fixed,likely,8 sites
0x0801cfe8,0,fixed,likely,1 sites
0x0801d210,0,fixed,guess,smallest length consistent with call sites; 1 sites
0x0801d26c,0,fixed,likely,1 sites
0x0801d590,0,fixed,guess,smallest length consistent with call sites; 1 sites
0x0801d61c,0,fixed,likely,1 sites
0x0801d724,0,fixed,likely,1 sites
0x0801d858,0,fixed,likely,1 sites
0x0801da4c,0,fixed,likely,1 sites
0x0801e524,0,fixed,likely,1 sites
0x0801f094,6,fixed,likely,2 sites
0x0801fdc4,0,fixed,likely,1 sites
0x08020074,0,fixed,likely,1 sites
0x080205a0,0,fixed,likely,1 sites
0x08020708,0,fixed,likely,1 sites
0x08020768,9,branch,likely,jump to u32 at extra+5 on match else fall through; 70 sites
0x08020a74,0,fixed,likely,1 sites
0x0802127c,,scene-end,likely,loads a scene and returns -4; script stops; 1 sites
0x08021314,0,fixed,likely,1 sites
0x08022724,0,fixed,likely,1 sites
0x080228bc,0,fixed,likely,3 sites
0x08022964,1,fixed,likely,2 sites
0x080229fc,0,fixed,guess,smallest length consistent with call sites; 1 sites
0x08022a6c,0,fixed,likely,1 sites
0x08023a14,0,fixed,likely,2 sites
0x08023a64,0,fixed,likely,2 sites
0x08023bec,0,fixed,likely,2 sites
0x08023c38,0,fixed,likely,2 sites
0x08023d14,0,fixed,likely,1 sites
0x08023dc8,0,fixed,likely,2 sites
0x08023de0,0,fixed,likely,1 sites
0x08023df8,0,fixed,likely,1 sites
0x08023e10,0,fixed,likely,2 sites
0x08024b3c,0,fixed,likely,1 sites
0x08024b70,0,fixed,likely,1 sites
0x08025674,6,fixed,likely,1 sites
0x080257b4,6,fixed,likely,3 sites
0x080259bc,0,fixed,likely,4 sites
0x08026058,0,fixed,likely,1 sites
0x08026164,0,fixed,likely,1 sites
0x08026f4c,0,fixed,likely,2 sites
0x08028d34,0,fixed,likely,3 sites
0x080290ac,0,fixed,likely,1 sites
0x080290f8,0,fixed,likely,1 sites
0x08029148,0,fixed,likely,1 sites
0x080291f0,0,fixed,likely,1 sites
0x08029588,0,fixed,likely,7 sites
0x08029818,0,fixed,likely,1 sites
0x0802a0b4,0,fixed,likely,1 sites
0x0802a878,0,fixed,likely,1 sites
0x0802a95c,0,fixed,likely,4 sites
0x0802ace0,4,fixed,likely,4 sites
0x0802b79c,0,fixed,likely,3 sites
0x0802c208,1,fixed,likely,13 sites
0x0802c248,1,fixed,likely,1 sites
0x0802c3a8,0,fixed,likely,2 sites
0x0802c4f4,1,fixed,likely,5 sites
0x0802c760,0,fixed,guess,smallest length consistent with call sites; 4 sites
0x0802d7f8,0,fixed,likely,1 sites
0x0802d88c,0,fixed,likely,1 sites
0x0802d8d0,0,fixed,likely,1 sites
0x0802d900,6,fixed,likely,5 sites
0x0802d958,5,fixed,likely,2 sites
0x0802db8c,0,fixed,likely,5 sites
0x0802dd08,1,fixed,likely,5 sites
0x0802ded0,4,fixed,guess,smallest length consistent with call sites; 5 sites
0x0802df68,5,fixed,guess,smallest length consistent with call sites; 5 sites
0x0802e0fc,0,fixed,likely,1 sites
0x0802e26c,1,fixed,likely,7 sites
0x0802e2d4,1,fixed,likely,1 sites
0x0802e34c,0,fixed,likely,1 sites
0x0802e594,0,fixed,likely,3 sites
0x0802e5f0,0,fixed,likely,1 sites
0x0802e648,0,fixed,likely,1 sites
0x0802e6d4,0,fixed,likely,1 sites
0x0802e708,0,fixed,likely,3 sites
0x0802ea44,1,fixed,likely,1 sites
0x0802ea68,2,fixed,likely,5 sites
0x0802f234,0,fixed,likely,1 sites
0x0802f32c,0,fixed,likely,1 sites
0x0802f498,0,fixed,likely,1 sites
0x0802f504,5,fixed,likely,1 sites
0x0802f884,0,fixed,likely,1 sites
0x0802f930,0,fixed,likely,1 sites
0x0802f9a8,1,fixed,likely,4 sites
0x0802fb90,0,fixed,likely,1 sites
0x0802fbcc,0,fixed,likely,2 sites
0x08030244,0,fixed,likely,4 sites
0x08030258,6,fixed,likely,4 sites
0x080302a8,6,fixed,likely,4 sites
0x080303b4,5,fixed,guess,smallest length consistent with call sites; 2 sites
0x080304d4,0,fixed,likely,2 sites
0x080305f0,0,fixed,likely,4 sites
0x080307d4,0,fixed,likely,1 sites
0x080308d8,0,fixed,likely,1 sites
0x08030990,0,fixed,likely,1 sites
0x08030a74,0,fixed,likely,1 sites
0x08030a9c,1,fixed,likely,2 sites
0x08030ab4,0,fixed,likely,1 sites
0x08030b04,0,fixed,likely,1 sites
0x08030b64,0,fixed,likely,1 sites
0x08030bb4,2,fixed,likely,3 sites
0x08030bd0,0,fixed,likely,2 sites
0x08030c38,0,fixed,likely,2 sites
0x08030c54,0,fixed,likely,1 sites
0x08030ce8,0,fixed,likely,1 sites
0x08030e80,1,fixed,likely,8 sites
0x08030eb4,2,fixed,likely,1 sites
0x08030f44,0,fixed,guess,smallest length consistent with call sites; 1 sites
0x08030fe8,0,fixed,likely,4 sites
0x08031108,2,fixed,likely,1 sites
0x08031170,1,fixed,likely,6 sites
0x080311c8,1,fixed,likely,6 sites
0x08031218,0,fixed,likely,1 sites
0x080312bc,0,fixed,likely,2 sites
0x080313a0,0,fixed,likely,2 sites
0x08031444,0,fixed,likely,1 sites
0x0803146c,0,fixed,likely,1 sites
0x080314dc,0,fixed,likely,2 sites
0x08031500,0,fixed,likely,1 sites
0x08031528,1,fixed,likely,3 sites
0x08031540,0,fixed,likely,6 sites
0x08031550,0,fixed,likely,1 sites
0x0803161c,0,fixed,likely,1 sites
0x08031684,0,fixed,likely,1 sites
0x080316ec,0,fixed,likely,1 sites
0x0803177c,0,fixed,likely,1 sites
0x08031930,0,fixed,likely,1 sites
0x08031a24,0,fixed,likely,1 sites
0x08031a44,0,fixed,likely,1 sites
0x08031ac0,0,fixed,likely,1 sites
0x08031af4,0,fixed,likely,1 sites
0x08031b30,0,fixed,likely,1 sites
0x08031dc4,0,fixed,likely,1 sites
0x08031e78,0,fixed,likely,1 sites
0x08031ef8,0,fixed,likely,1 sites
0x08032044,1,fixed,likely,4 sites
0x08032180,1,fixed,likely,4 sites
0x0803221c,1,fixed,likely,4 sites
0x08032290,1,fixed,likely,4 sites
0x080324dc,0,fixed,likely,1 sites
0x08032514,0,fixed,likely,1 sites
0x08032a74,0,fixed,likely,1 sites
0x08032b3c,0,fixed,likely,1 sites
0x08032bac,0,fixed,likely,1 sites
0x08032bfc,0,fixed,likely,1 sites
0x08032cb8,0,fixed,likely,2 sites
0x08032d34,0,fixed,likely,2 sites
0x08032df0,0,fixed,likely,1 sites
0x08032e3c,0,fixed,likely,1 sites
0x08032f64,0,fixed,likely,1 sites
0x080330a4,0,fixed,likely,1 sites
0x080330b8,0,fixed,guess,smallest length consistent with call sites; 1 sites
0x080330dc,0,fixed,likely,5 sites
0x08033104,0,fixed,likely,2 sites
0x0803312c,0,fixed,likely,5 sites
0x080331fc,0,fixed,likely,3 sites
0x08033238,1,fixed,likely,2 sites
0x08033268,0,fixed,likely,3 sites
0x08033288,3,fixed,likely,2 sites
0x08033340,0,fixed,likely,2 sites
0x080334d4,0,fixed,likely,1 sites
0x08033544,0,fixed,likely,1 sites
0x0803369c,0,fixed,likely,2 sites
0x08033858,0,fixed,likely,4 sites
0x080338f8,0,fixed,likely,1 sites
0x0803396c,,scene-end,likely,loads a scene and returns -4; script stops; 1 sites
0x08033a04,0,fixed,likely,1 sites
0x08033ba4,0,fixed,likely,5 sites
0x08033c68,0,fixed,likely,2 sites
0x08033d64,0,fixed,guess,smallest length consistent with call sites; 2 sites
0x08033d9c,0,fixed,likely,3 sites
0x08033dec,0,fixed,likely,4 sites
0x08033e30,0,fixed,guess,smallest length consistent with call sites; 2 sites
0x0803426c,0,fixed,likely,2 sites
0x08034490,0,fixed,likely,1 sites
0x080349f0,,scene-end,likely,loads a scene and returns -4; script stops; 1 sites
0x08034a88,0,fixed,likely,1 sites
0x08034c24,0,fixed,likely,1 sites
0x08034c78,0,fixed,likely,1 sites
0x08034d38,0,fixed,likely,1 sites
0x08034dac,0,fixed,likely,1 sites
0x08034e50,0,fixed,likely,1 sites
0x08034e94,0,fixed,likely,1 sites
0x08034f64,0,fixed,likely,2 sites
0x08034f88,1,fixed,likely,4 sites
0x08035290,0,fixed,likely,1 sites
0x08035364,0,fixed,likely,1 sites
0x080353d0,0,fixed,likely,1 sites
0x08035480,0,fixed,likely,2 sites
0x080354f4,0,fixed,likely,1 sites
0x08035538,0,fixed,likely,1 sites
0x080355a8,0,fixed,likely,3 sites
0x08035674,0,fixed,likely,1 sites
0x08035784,0,fixed,likely,1 sites
0x080357c8,1,fixed,likely,2 sites
0x0803586c,0,fixed,likely,2 sites
0x080358b0,0,fixed,likely,1 sites
0x080359cc,0,fixed,likely,1 sites
0x08035a3c,0,fixed,likely,2 sites
0x08035b98,1,fixed,likely,2 sites
0x08035dd0,0,fixed,likely,1 sites
0x08035f84,0,fixed,likely,4 sites
0x0803627c,0,fixed,likely,1 sites
0x0803635c,0,fixed,likely,1 sites
0x080363ec,0,fixed,likely,1 sites
0x080364c4,0,fixed,likely,2 sites
0x08036594,0,fixed,likely,1 sites
0x08036664,0,fixed,likely,3 sites
0x080369d8,0,fixed,likely,5 sites
0x080369ec,1,fixed,likely,8 sites
0x08036d98,0,fixed,likely,1 sites
0x08036dd0,0,fixed,likely,1 sites
0x08036e3c,0,fixed,likely,1 sites
0x08036e80,0,fixed,likely,1 sites
0x08036f7c,0,fixed,likely,1 sites
0x08037000,0,fixed,likely,1 sites
0x08037090,0,fixed,likely,1 sites
0x08037194,0,fixed,likely,1 sites
0x0803723c,0,fixed,likely,1 sites
0x08037318,0,fixed,likely,1 sites
0x0803750c,0,fixed,likely,1 sites
0x08037838,0,fixed,likely,1 sites
0x08037a74,0,fixed,likely,1 sites
0x08037c14,0,fixed,likely,1 sites
0x08037d5c,0,fixed,likely,1 sites
0x08037de4,0,fixed,likely,1 sites
0x08037df0,0,fixed,likely,4 sites
0x08038244,4,fixed,likely,6 sites
0x080382b4,0,fixed,likely,1 sites
0x08038310,0,fixed,likely,1 sites
0x080383a4,0,fixed,likely,1 sites
0x080383f4,0,fixed,likely,8 sites
0x08038698,0,fixed,likely,1 sites
0x080387f4,4,fixed,likely,18 sites
0x080388dc,8,fixed,likely,18 sites
0x08038918,0,fixed,likely,3 sites
0x08038954,0,fixed,likely,3 sites
0x080389a8,1,fixed,likely,9 sites
0x08038b78,1,fixed,likely,14 sites
0x08038c80,1,fixed,likely,1 sites
0x08038d70,1,fixed,likely,3 sites
0x08038dcc,0,fixed,likely,6 sites
0x08038ef4,0,fixed,likely,8 sites
0x08038fc4,0,fixed,guess,smallest length consistent with call sites; 1 sites
0x08038fec,0,fixed,likely,2 sites
0x08039038,0,fixed,likely,8 sites
0x08039060,0,fixed,likely,1 sites
0x0803909c,0,fixed,likely,1 sites
0x080390e8,0,fixed,likely,1 sites
0x08039150,0,fixed,guess,smallest length consistent with call sites; 1 sites
0x080391a4,0,fixed,likely,3 sites
0x08039274,0,fixed,likely,1 sites
0x08039278,0,fixed,likely,1 sites
0x080392b4,0,fixed,likely,1 sites
0x080392e4,0,fixed,likely,1 sites
0x08039310,0,fixed,likely,1 sites
0x08039364,0,fixed,likely,3 sites
0x080393bc,0,fixed,likely,14 sites
0x08039444,0,fixed,likely,1 sites
0x0803976c,0,fixed,likely,1 sites
0x080397a4,0,fixed,likely,1 sites
0x080397d0,5,fixed,likely,183 sites
0x08039810,5,fixed,likely,82 sites
0x08039860,2,fixed,likely,82 sites
0x080398a4,5,fixed,likely,1 sites
0x080398dc,0,fixed,likely,4 sites
0x0803992c,0,fixed,likely,1 sites
0x080399c0,0,fixed,likely,1 sites
0x08039a10,0,fixed,likely,2 sites
0x08039a74,0,fixed,likely,2 sites
0x08039ac4,2,fixed,likely,1 sites
0x08039aec,2,fixed,likely,3 sites
0x08039b14,0,fixed,likely,1 sites
0x08039b6c,0,fixed,guess,smallest length consistent with call sites; 2 sites
0x08039bc4,0,fixed,guess,smallest length consistent with call sites; 1 sites
0x08039c24,0,fixed,likely,1 sites
0x0803a0f4,0,fixed,likely,1 sites
0x0803a148,0,fixed,likely,2 sites
0x0803a1f4,0,fixed,likely,1 sites
0x0803a310,0,fixed,likely,1 sites
0x0803a3dc,0,fixed,likely,1 sites
0x0803a444,0,fixed,likely,3 sites
0x0803a500,0,fixed,likely,1 sites
0x0803a60c,0,fixed,likely,1 sites
0x0803a754,0,fixed,likely,3 sites
0x0803a81c,0,fixed,likely,1 sites
0x0803a860,0,fixed,likely,1 sites
0x0803a8ac,0,fixed,likely,3 sites
0x0803ab58,0,fixed,likely,3 sites
0x0803ab9c,0,fixed,likely,4 sites
0x0803abd4,0,fixed,likely,3 sites
0x0803ac0c,0,fixed,likely,5 sites
0x0803ac1c,0,fixed,likely,1 sites
0x0803acac,0,fixed,likely,2 sites
0x0803acdc,0,fixed,likely,12 sites
0x0803ad5c,0,fixed,likely,1 sites
0x0803aec0,0,fixed,likely,1 sites
0x0803af10,0,fixed,likely,1 sites
0x0803af70,0,fixed,likely,2 sites
0x0803afa8,0,fixed,likely,2 sites
0x0803afc4,0,fixed,likely,1 sites
0x0803b158,0,fixed,likely,3 sites
0x0803b1a4,4,fixed,likely,2 sites
0x0803b1d8,0,fixed,likely,5 sites
0x0803b1e4,4,fixed,likely,1 sites
0x0803b2c0,1,fixed,likely,1 sites
0x0803b2d0,0,fixed,likely,1 sites
0x0803b3d4,0,fixed,likely,3 sites
0x0803b3f0,0,fixed,likely,1 sites
0x0803b570,0,fixed,likely,3 sites
0x0803bd94,0,fixed,likely,3 sites
0x0803c028,,scene-end,likely,loads a scene and returns -4; script stops; 1 sites
0x0803c0c0,0,fixed,likely,1 sites
0x0803c5e0,,scene-end,likely,loads a scene and returns -4; script stops; 1 sites
0x0803c678,0,fixed,likely,1 sites
0x0803c814,0,fixed,likely,1 sites
0x0803c858,0,fixed,likely,1 sites
0x0803c878,0,fixed,likely,1 sites
0x0803c894,0,fixed,likely,1 sites
0x0803c9d4,0,fixed,likely,1 sites
0x0803ca38,0,fixed,likely,1 sites
0x0803ca98,0,fixed,likely,1 sites
0x0803cd14,0,fixed,likely,2 sites
0x0803cddc,0,fixed,likely,1 sites
0x0803cf6c,0,fixed,likely,1 sites
0x0803cfe0,5,fixed,likely,3 sites
0x0803d00c,0,fixed,likely,1 sites
0x0803d0f0,0,fixed,likely,1 sites
0x0803d288,,scene-end,likely,loads a scene and returns -4; script stops; 1 sites
0x0803d320,0,fixed,likely,1 sites
0x0803d4bc,0,fixed,likely,1 sites
0x0803df80,0,fixed,likely,1 sites
0x0803e198,0,fixed,likely,4 sites
0x0803e1c4,0,fixed,likely,1 sites
0x0803e298,0,fixed,likely,1 sites
0x0803e378,0,fixed,likely,1 sites
0x0803e488,0,fixed,likely,1 sites
0x0803e4f4,0,fixed,likely,1 sites
0x0803e56c,0,fixed,likely,1 sites
0x0803e5a8,0,fixed,likely,1 sites
0x0803e5f4,0,fixed,guess,smallest length consistent with call sites; 1 sites
0x0803e620,0,fixed,guess,smallest length consistent with call sites; 1 sites
0x0803e62c,0,fixed,likely,1 sites
0x0803e688,0,fixed,likely,2 sites
0x0803e6b8,0,fixed,likely,1 sites
0x0803e6f0,0,fixed,likely,1 sites
0x0803e718,0,fixed,likely,1 sites
0x0803e724,0,fixed,likely,1 sites
0x0803e73c,0,fixed,likely,1 sites
0x0803e9b0,3,fixed,likely,4 sites
0x0803fa44,,scene-end,likely,loads a scene and returns -4; script stops; 1 sites
0x0803fadc,0,fixed,likely,1 sites
0x0803fc78,0,fixed,likely,1 sites
0x0803fcac,0,fixed,likely,1 sites
0x0803fd28,0,fixed,likely,1 sites
0x0803fe1c,0,fixed,likely,1 sites
0x0803fe4c,0,fixed,likely,1 sites
0x0803fe7c,0,fixed,likely,1 sites
0x08049400,5,fixed,likely,94 sites
0x08049470,5,fixed,likely,55 sites
0x080494e0,6,fixed,likely,18 sites
0x0804953c,6,fixed,likely,16 sites
0x080495d0,0,fixed,likely,26 sites
0x08049624,1,fixed,likely,1 sites
0x08049648,1,fixed,likely,126 sites
0x08049678,3,fixed,likely,4 sites
0x080496c0,1,fixed,likely,6 sites
0x080496e0,2,fixed,likely,86 sites
0x08049720,0,fixed,likely,10 sites
0x08049760,1,fixed,likely,24 sites
0x0804977c,1,fixed,likely,1 sites
0x08049798,0,fixed,likely,5 sites
0x080497e8,1,fixed,likely,6 sites
0x08049834,2,fixed,likely,121 sites
0x08049858,0,fixed,likely,111 sites
0x0804988c,0,fixed,likely,80 sites
0x080498c0,0,fixed,likely,7 sites
0x080498f4,0,fixed,likely,102 sites
0x08049990,2,fixed,likely,33 sites
0x080499b4,2,fixed,likely,58 sites
0x080499d8,2,fixed,likely,29 sites
0x08049a3c,1,fixed,likely,1 sites
0x08049aa0,2,fixed,likely,1 sites
0x08049ae0,2,fixed,likely,41 sites
0x08049b68,1,fixed,likely,2 sites
0x08049ba0,3,fixed,likely,9 sites
0x08049c50,2,fixed,likely,20 sites
0x08049c64,1,fixed,likely,1 sites
0x08049c74,2,fixed,likely,4 sites
0x08049da4,0,fixed,likely,3 sites
0x08049e10,0,fixed,likely,23 sites
0x08049e78,0,fixed,likely,2 sites
0x08049ed0,0,fixed,likely,116 sites
0x08049f54,0,fixed,likely,24 sites
0x08049fbc,0,fixed,likely,1 sites
0x0804a02c,10,fixed,likely,7 sites
0x0804a24c,9,fixed,likely,46 sites
0x0804a444,0,fixed,likely,2 sites
0x0804a4c4,0,fixed,likely,86 sites
0x0804a540,0,fixed,likely,9 sites
0x0804a580,1,fixed,likely,4 sites
0x0804a6ac,1,fixed,likely,4 sites
0x0804a710,0,fixed,likely,4 sites
0x0804a834,1,fixed,likely,5 sites
0x0804a868,2,fixed,likely,43 sites
0x0804a880,1,fixed,likely,2 sites
0x0804a8c4,2,fixed,likely,77 sites
0x0804a914,0,fixed,likely,74 sites
0x0804a96c,0,fixed,likely,2 sites
0x0804a9b4,3,fixed,likely,8 sites
0x0804aaf0,3,fixed,likely,20 sites
0x0804ab24,3,fixed,likely,17 sites
0x0804ab44,3,fixed,likely,1 sites
0x0804ab64,2,fixed,likely,31 sites
0x0804abcc,2,fixed,likely,39 sites
0x0804abfc,2,fixed,likely,14 sites
0x0804adc8,0,fixed,likely,8 sites
0x0804ae88,0,fixed,likely,7 sites
0x0804af40,2,fixed,likely,19 sites
0x0804aff0,0,fixed,likely,4 sites
0x0804b048,0,fixed,likely,6 sites
0x0804b0a0,0,fixed,likely,2 sites
0x0804b138,0,fixed,likely,5 sites
0x0804b1e8,2,fixed,likely,10 sites
0x0804b2fc,0,fixed,likely,1 sites
0x0804b3b4,0,fixed,likely,5 sites
0x0804bc60,0,fixed,likely,1 sites
0x0804bcc4,0,fixed,likely,2 sites
0x0804bce8,0,fixed,guess,smallest length consistent with call sites; 1 sites
0x0804bd08,0,fixed,likely,2 sites
0x0804bd98,0,fixed,guess,smallest length consistent with call sites; 1 sites
0x0804bdd8,0,fixed,likely,1 sites
0x0804bdf0,0,fixed,likely,1 sites
0x0804be14,0,fixed,likely,2 sites
0x0804be48,0,fixed,likely,2 sites
0x0804be7c,0,fixed,likely,2 sites
0x0804beb0,0,fixed,likely,2 sites
0x0804bee8,0,fixed,likely,2 sites
0x0804bf1c,0,fixed,likely,2 sites
0x0804bf50,0,fixed,likely,2 sites
0x0804bf84,0,fixed,likely,2 sites
0x0804bfb8,0,fixed,likely,2 sites
0x0804bfec,0,fixed,likely,2 sites
0x0804c020,0,fixed,likely,2 sites
0x0804c054,0,fixed,likely,2 sites
0x0804c088,0,fixed,likely,2 sites
0x0804c0bc,0,fixed,likely,2 sites
0x0804c0f0,0,fixed,likely,2 sites
0x0804c124,0,fixed,likely,2 sites
0x0804c158,0,fixed,likely,2 sites
0x0804c18c,0,fixed,likely,2 sites
0x0804c1c0,0,fixed,likely,2 sites
0x0804c1f4,0,fixed,likely,2 sites
0x0804c228,0,fixed,likely,1 sites
0x0804c244,0,fixed,likely,2 sites
0x0804cef4,0,fixed,likely,100 sites
0x0804cf80,0,fixed,likely,26 sites
0x0804d048,0,fixed,likely,26 sites
0x0804d110,0,fixed,likely,1 sites
0x0804d1d8,0,fixed,likely,1 sites
0x0804d2c4,0,fixed,likely,5 sites
0x0804d3b0,0,fixed,likely,9 sites
0x0804d3d8,0,fixed,likely,3 sites
0x0804d3e8,0,fixed,likely,4 sites
0x0804d40c,1,fixed,likely,5 sites
